{
  "runtimeOptions": {
    "tfm": "net6.0",
    "frameworks": [
      {
        "name": "Microsoft.NETCore.App",
        "version": "6.0.0"
      },
      {
        "name": "Microsoft.WindowsDesktop.App",
        "version": "6.0.0"
      }
    ],
    "configProperties": {
      "Windows.ApplicationModel.DataTransfer.DragDrop.ExternalSupport": true,
      "System.Reflection.Metadata.MetadataUpdater.IsSupported": false,
      "System.Reflection.NullabilityInfoContext.IsSupported": true
    }
  }
}